algo,k,frac,m,seed,r1,r2,r3
lightweight,2,0.0025,1530,0,0.9942395840888676,0.9929461398273872,1.0006920133288262
lightweight,2,0.0025,1530,1,1.0193906730617757,1.0138901102875173,1.0026793575502444
lightweight,2,0.0025,1530,2,0.9555169226417333,0.9546915962922553,1.0004028833115426
lightweight,2,0.0025,1530,3,1.0254012741749945,1.0215904350103082,1.0018307024141062
lightweight,2,0.0025,1530,4,0.9818809115015718,0.9788131909282262,1.0014440980922212
random,2,0.0025,1530,0,1.0024028703912056,0.9970349137316009,1.002690249103964
random,2,0.0025,1530,1,0.9951002986629746,0.9931926636844738,1.000929911298721
random,2,0.0025,1530,2,0.9819355237982228,0.971818069539415,1.0055887039002642
random,2,0.0025,1530,3,1.0023939260783756,0.9993543539220362,1.0015859805484144
random,2,0.0025,1530,4,1.0007246701809622,0.9942680283566558,1.0030508538578222
lightweight,2,0.005,3059,0,0.996807923596395,0.9937053560511261,1.0015950357642505
lightweight,2,0.005,3059,1,1.0054634382523644,1.0046050386451886,1.0003973208833583
lightweight,2,0.005,3059,2,0.9658040669147908,0.9647614758063068,1.0005235676919437
lightweight,2,0.005,3059,3,1.0175800204236558,1.0159666795748934,1.000844701778434
lightweight,2,0.005,3059,4,1.0001223144346325,0.9985801144966951,1.000820519407272
random,2,0.005,3059,0,0.9789446430541702,0.9764515785451614,1.0013200085897598
random,2,0.005,3059,1,0.9762019568410134,0.973353649178558,1.0015218614445232
random,2,0.005,3059,2,1.007135669011483,1.0067432417629,1.0001966225848655
random,2,0.005,3059,3,1.0102522749257357,1.0090110117685538,1.0006768682515623
random,2,0.005,3059,4,0.9994032547052857,0.9979649590213794,1.0006565020854026
lightweight,2,0.01,6118,0,0.9927375996716443,0.9912250753598674,1.0007740839272399
lightweight,2,0.01,6118,1,1.0098613954314264,1.0094124530057282,1.0002181027124941
lightweight,2,0.01,6118,2,0.9953543942303128,0.9948115836728384,1.000256586607514
lightweight,2,0.01,6118,3,1.0034670925321525,1.0032274143237434,1.000118167389532
lightweight,2,0.01,6118,4,0.980345456044135,0.9801028621501887,1.000123636199579
random,2,0.01,6118,0,1.004665983687717,1.0041899157031664,1.0002373953372874
random,2,0.01,6118,1,0.9631853656854379,0.9625709893261662,1.0003028260498952
random,2,0.01,6118,2,0.983864959026973,0.9834801188707816,1.0001952130926361
random,2,0.01,6118,3,1.0167446740023118,1.015797300239147,1.0004581682681417
random,2,0.01,6118,4,0.9914195592897397,0.9900887377812845,1.0006829685330882
lightweight,2,0.05,30590,0,0.9893308589336969,0.9891989895690193,1.0000691666348167
lightweight,2,0.05,30590,1,0.9923293004770342,0.9921126940646405,1.0000997891638443
lightweight,2,0.05,30590,2,1.005473128411547,1.005418212446586,1.0000336520802362
lightweight,2,0.05,30590,3,0.9929297361771215,0.9928305468158481,1.000049266328425
lightweight,2,0.05,30590,4,0.9919215968576808,0.9918682939273242,1.0000292123494954
random,2,0.05,30590,0,0.9978525838371124,0.9977948876492055,1.0000295553861067
random,2,0.05,30590,1,0.9836429159308644,0.9833749821631961,1.0001271761671864
random,2,0.05,30590,2,1.0170845440200287,1.0169158988588434,1.0000873781088966
random,2,0.05,30590,3,1.0055143788485164,1.005395220292212,1.00005664765191
random,2,0.05,30590,4,1.000867941770929,1.0008042656919265,1.0000286790715147
lightweight,2,0.1,61180,0,0.9944877324695945,0.9944242114251141,1.0000374206429992
lightweight,2,0.1,61180,1,0.999771546887084,0.9996611174252277,1.0000529728633394
lightweight,2,0.1,61180,2,1.0062095797994732,1.006171198638458,1.0000196089153903
lightweight,2,0.1,61180,3,0.9939787124496673,0.9939208248422075,1.0000308482351212
lightweight,2,0.1,61180,4,0.9911124826976485,0.9910690476268285,1.0000216838695457
random,2,0.1,61180,0,1.007378145047508,1.007323174332845,1.0000282588959426
random,2,0.1,61180,1,0.9985284165373521,0.9984903085429915,1.0000198118806982
random,2,0.1,61180,2,1.0108135243510994,1.0107521644617494,1.0000305836483272
random,2,0.1,61180,3,0.999875373394009,0.9998301163644783,1.000019388118588
random,2,0.1,61180,4,1.0032748042045798,1.0032563499545872,1.000007612508041
lightweight,2,0.25,152950,0,0.999738662002628,0.999694851333711,1.0000237378089964
lightweight,2,0.25,152950,1,0.9981379831335421,0.9980930488351333,1.000022427821581
lightweight,2,0.25,152950,2,1.003313990340754,1.003306096757232,1.0000037601772618
lightweight,2,0.25,152950,3,0.9975596321425505,0.9975424573763754,1.000007618768845
lightweight,2,0.25,152950,4,0.9964302950162167,0.9964279803286905,1.0000010834804394
random,2,0.25,152950,0,1.0062421403482833,1.0061969501784505,1.0000227104544372
random,2,0.25,152950,1,1.0059657181086668,1.0059563837674554,1.0000039744509828
random,2,0.25,152950,2,1.0071902994870656,1.0071601541063664,1.0000183086044903
random,2,0.25,152950,3,0.9967146118380722,0.9967006363762524,1.000008021382539
random,2,0.25,152950,4,1.0003134535932199,1.000261079209384,1.0000261924742049
lightweight,2,0.5,305900,0,1.0016896237885127,1.0016728906347254,1.0000067122869487
lightweight,2,0.5,305900,1,0.9993517053692842,0.9993491255746991,1.000002412590643
lightweight,2,0.5,305900,2,1.0025011539044082,1.0024950326367053,1.0000027111621679
lightweight,2,0.5,305900,3,0.9969705421386262,0.996965837314557,1.0000026531215394
lightweight,2,0.5,305900,4,0.9967620163779044,0.996748262705676,1.0000076507007032
random,2,0.5,305900,0,1.0054293937560137,1.0054181926549024,1.000006211947619
random,2,0.5,305900,1,1.0003065492516483,1.0003009098676352,1.0000020705125425
random,2,0.5,305900,2,1.0003614498838782,1.0003602807036753,1.000000230681888
random,2,0.5,305900,3,0.9992903586768384,0.9992846653720714,1.0000027912899652
random,2,0.5,305900,4,1.0024045970727276,1.0023906870732975,1.000004096252459
lightweight,4,0.0025,1530,0,0.961970697155367,0.9582012813814691,1.0016300254763129
lightweight,4,0.0025,1530,1,1.0113770693542072,1.0021211029136796,1.0035932261433291
lightweight,4,0.0025,1530,2,1.0021492487458914,0.961717728535163,1.013454821414676
lightweight,4,0.0025,1530,3,1.0269224535872967,1.00824523174185,1.0083793274703965
lightweight,4,0.0025,1530,4,1.0205902356477412,0.9749142629008593,1.0195725222616776
random,4,0.0025,1530,0,0.9925648518107815,0.9650048254339997,1.0087536408923605
random,4,0.0025,1530,1,1.0408506283804695,0.9981316016513566,1.0205368081353177
random,4,0.0025,1530,2,0.9729249575236281,0.8918078016386903,1.0159830751446732
random,4,0.0025,1530,3,0.9550237624467172,0.9408660141715869,1.0072418013732996
random,4,0.0025,1530,4,0.9687825318845531,0.9475486162464605,1.0101527861761026
lightweight,4,0.005,3059,0,0.9563804007376896,0.9530133158035783,1.0016455264244548
lightweight,4,0.005,3059,1,0.9871004649367987,0.9850616376413327,1.0009523018756001
lightweight,4,0.005,3059,2,0.9925378746359774,0.9709293479915445,1.0094955798317196
lightweight,4,0.005,3059,3,1.0113986764293832,1.0040567929456095,1.0041992003852278
lightweight,4,0.005,3059,4,0.9823786305624534,0.9771290929495403,1.0023203042848312
random,4,0.005,3059,0,0.9879867768385545,0.9774160407807819,1.0053411411818893
random,4,0.005,3059,1,1.0096310083925752,0.9681057937627486,1.0117218383526125
random,4,0.005,3059,2,0.9924760148226438,0.9731898765980455,1.0092591989816617
random,4,0.005,3059,3,0.9619442623624922,0.9564389913794755,1.0026620077293449
random,4,0.005,3059,4,0.9891428236373159,0.9712110432715998,1.0097052861253317
lightweight,4,0.01,6118,0,0.9781796600824048,0.975730611179828,1.0011371647116236
lightweight,4,0.01,6118,1,0.9992060862115867,0.9968209167646105,1.0012172467414113
lightweight,4,0.01,6118,2,1.0082371962962517,0.9833348784031367,1.008203591144761
lightweight,4,0.01,6118,3,0.9977250908996459,0.9948129845910626,1.001425075771639
lightweight,4,0.01,6118,4,0.9870529455832293,0.9845890382279262,1.0011139453152402
random,4,0.01,6118,0,1.007506169293627,1.0033308437545263,1.0019743901272218
random,4,0.01,6118,1,0.9953129949854088,0.9643555846517712,1.0081020402148837
random,4,0.01,6118,2,0.9888970502768668,0.9838394436569214,1.0027566500462064
random,4,0.01,6118,3,0.9855347886414824,0.9818785044720632,1.0018626504726253
random,4,0.01,6118,4,0.9872803177248131,0.9829906675347043,1.002427248330247
lightweight,4,0.05,30590,0,0.9970699010434759,0.9960547990412372,1.000468617326873
lightweight,4,0.05,30590,1,0.9868554030296235,0.9863720945770171,1.0002306092573705
lightweight,4,0.05,30590,2,1.004946220320308,1.0032091146883848,1.00125550809303
lightweight,4,0.05,30590,3,0.9929279482584463,0.9925694853261435,1.0002738784718912
lightweight,4,0.05,30590,4,0.9988858157203893,0.9987584621015593,1.0000492433111543
random,4,0.05,30590,0,0.9952888271818252,0.9866325907704917,1.0073959910363575
random,4,0.05,30590,1,0.9917827394900234,0.99007550804661,1.0012617115366502
random,4,0.05,30590,2,1.0205658453770508,1.0165385813596044,1.0023351506971876
random,4,0.05,30590,3,0.9957597409166011,0.9955638640528974,1.0001344480526648
random,4,0.05,30590,4,1.0025036731117003,1.0022932546240484,1.0001064571065394
lightweight,4,0.1,61180,0,0.9973320088017278,0.9970589627747437,1.0000154854342285
lightweight,4,0.1,61180,1,0.9962959091341205,0.9961408240493338,1.0001446056715324
lightweight,4,0.1,61180,2,1.0084323043860566,1.0069605776929322,1.0012594692910577
lightweight,4,0.1,61180,3,0.9900467510508761,0.9899044078369797,1.000116790966012
lightweight,4,0.1,61180,4,0.9948193475420284,0.9943957830304432,1.0003254669575923
random,4,0.1,61180,0,1.00302006970185,1.0029406801104959,1.0000225020310465
random,4,0.1,61180,1,1.0009297533306283,1.0005246752611792,1.0002077528539497
random,4,0.1,61180,2,1.0088409852259665,1.0090741779767518,1.0013787837217065
random,4,0.1,61180,3,0.997912071155894,0.9978136666139523,1.0000400558093288
random,4,0.1,61180,4,1.001756593778746,1.0015290050663912,0.999998129801684
lightweight,4,0.25,152950,0,0.99706316749302,0.9969714889455904,1.0000288213437478
lightweight,4,0.25,152950,1,0.9958949204015718,0.995817228650233,1.0000137769629347
lightweight,4,0.25,152950,2,1.0018617786855215,1.0017589323675165,1.0000244503286628
lightweight,4,0.25,152950,3,0.9944716612151859,0.9943532101050628,1.0000971174393578
lightweight,4,0.25,152950,4,0.9990427331041069,0.9989428528620052,0.9999942134310632
random,4,0.25,152950,0,1.0057114180589606,1.0055700167834847,1.0000802686699455
random,4,0.25,152950,1,1.0062137024415592,1.0060319901913781,1.000151367618582
random,4,0.25,152950,2,1.0048658361407872,1.0048170170994926,1.0000146372915213
random,4,0.25,152950,3,1.000470432417455,1.0004230649255499,1.00001616197234
random,4,0.25,152950,4,0.9995317641093898,0.9992781915329194,1.0000440098940793
lightweight,4,0.5,305900,0,0.9976937184311289,0.9975882502715143,1.00001490564253
lightweight,4,0.5,305900,1,0.9975682220110829,0.9975443703286647,0.9999791970173249
lightweight,4,0.5,305900,2,1.0029600305099522,1.00288650636322,0.9999843284924299
lightweight,4,0.5,305900,3,0.9969233660659658,0.9968091799389764,1.0000598279479944
lightweight,4,0.5,305900,4,0.9986247485446814,0.9985476762716623,1.000028602030314
random,4,0.5,305900,0,1.0037898882789948,1.00377380990587,1.0000107205932192
random,4,0.5,305900,1,1.0021960638056318,1.0022156403967928,0.9999695147571673
random,4,0.5,305900,2,1.000737510785062,1.0007145671106037,1.000018017424402
random,4,0.5,305900,3,0.9995662886274825,0.9995354399137453,1.0000248860605923
random,4,0.5,305900,4,1.000011149087001,0.9999526427078227,0.999994542701366
lightweight,8,0.0025,1530,0,0.9954041246707145,0.9563483636118555,1.0199952792682214
lightweight,8,0.0025,1530,1,1.0479970935276095,0.9900156902289694,1.0286049807326139
lightweight,8,0.0025,1530,2,0.9819026981371708,0.9389017135473433,1.0200257104065225
lightweight,8,0.0025,1530,3,1.078955303702318,0.9852726247533599,1.0351790040959445
lightweight,8,0.0025,1530,4,1.0026923246377701,0.956240951319882,1.0374203340376176
random,8,0.0025,1530,0,0.9916729614287911,0.9599459254788536,1.0143785778578192
random,8,0.0025,1530,1,1.0499730144033832,1.018880458846956,1.012814165094753
random,8,0.0025,1530,2,0.9613946543920303,0.9385379151847845,1.0139076080825387
random,8,0.0025,1530,3,0.9312390067841104,0.9060178139893804,1.0123810321439217
random,8,0.0025,1530,4,0.979780387233355,0.9360930813243802,1.027201855244001
lightweight,8,0.005,3059,0,0.9785025584877932,0.9721449551028665,1.003298417403745
lightweight,8,0.005,3059,1,1.0300885731951843,1.004607228971378,1.0124265380316864
lightweight,8,0.005,3059,2,0.9527383142267952,0.9423649081752433,1.005068014195847
lightweight,8,0.005,3059,3,1.0350888213635518,0.9954549344959422,1.0135270690570588
lightweight,8,0.005,3059,4,1.0004272751925882,0.9883267959650389,1.0060228860375369
random,8,0.005,3059,0,1.0037874601577967,0.9693690247325691,1.0175158957067425
random,8,0.005,3059,1,1.0105073136713023,0.9959046939441559,1.0069592322033758
random,8,0.005,3059,2,0.9932681134343099,0.9790376173417945,1.007967105884112
random,8,0.005,3059,3,0.9591481268889063,0.9481795588467224,1.005707798671496
random,8,0.005,3059,4,0.9868003985349448,0.9638360065849192,1.009624762952157
lightweight,8,0.01,6118,0,0.9813234496681151,0.9781266253074845,1.0015968172652139
lightweight,8,0.01,6118,1,1.0284197587006194,1.0050290267849775,1.0129867632140972
lightweight,8,0.01,6118,2,0.9812028495736814,0.9746075699270599,1.0035783988756488
lightweight,8,0.01,6118,3,1.0043652694844194,0.9951382944091897,1.0053207836456506
lightweight,8,0.01,6118,4,0.9916315936255329,0.9871343903108549,1.0021420161297903
random,8,0.01,6118,0,1.0214810163061119,1.0082443525837395,1.0075078507034694
random,8,0.01,6118,1,0.9916180666435205,0.9830359785500523,1.0037051562303911
random,8,0.01,6118,2,0.9970951010397965,0.9715522440506931,1.0171141815675129
random,8,0.01,6118,3,0.9908970468210379,0.985725093065925,1.0025576789580788
random,8,0.01,6118,4,0.9925107763820907,0.9796859021881661,1.0067006603998165
lightweight,8,0.05,30590,0,0.9930725183575689,0.9916463428125297,1.0007936815691088
lightweight,8,0.05,30590,1,0.9929881737170796,0.9914458629014489,1.000765889114083
lightweight,8,0.05,30590,2,1.0062899061052388,1.0051687436254777,1.0005916289129582
lightweight,8,0.05,30590,3,1.0025059957720013,1.0010371849213682,1.0006626206446612
lightweight,8,0.05,30590,4,1.0040542618685708,1.0028456194835065,1.0006520300303374
random,8,0.05,30590,0,0.997511929098793,0.9873647260070743,1.009253333052427
random,8,0.05,30590,1,0.994337382770328,0.9923206857978886,1.000874914034711
random,8,0.05,30590,2,1.0059809049105968,1.001806093021931,1.002198084003836
random,8,0.05,30590,3,1.0007606422373856,0.9970867393623302,1.0018680713253088
random,8,0.05,30590,4,0.993240062825528,0.9920590728899212,1.0003923084764506
lightweight,8,0.1,61180,0,0.9900984500383471,0.9893211484926231,1.0001732964041878
lightweight,8,0.1,61180,1,0.9990071746086017,0.9981283103201473,1.0004493482354877
lightweight,8,0.1,61180,2,1.0036780847651496,1.0030892547053236,1.0005772972043772
lightweight,8,0.1,61180,3,0.9996427144417342,0.9986729003198535,1.0003840628033827
lightweight,8,0.1,61180,4,0.9968971669311892,0.9964039592324153,1.000365812749481
random,8,0.1,61180,0,1.0041699704606462,1.003395045764313,1.0004619382834978
random,8,0.1,61180,1,0.9962143158031043,0.9950395995099004,1.0005731872755321
random,8,0.1,61180,2,1.0022451536636892,1.0004425853159171,1.0010725557157985
random,8,0.1,61180,3,1.0034659844193894,1.0010771221045955,1.0010624030238668
random,8,0.1,61180,4,0.9975177224171182,0.9963718306491034,1.0007005535644868
lightweight,8,0.25,152950,0,0.9949647715954074,0.9947539079914464,1.0000406570170084
lightweight,8,0.25,152950,1,0.9981735149549733,0.9980315949398565,1.0000408854503475
lightweight,8,0.25,152950,2,1.0003484770349984,1.000191384617646,1.0000400237019953
lightweight,8,0.25,152950,3,0.9989422250569956,0.9985472241023413,1.0001978159694898
lightweight,8,0.25,152950,4,1.0011193602225132,1.0008070280825219,1.0001639484421807
random,8,0.25,152950,0,1.004633213753172,1.0043293339724002,1.0002127298960684
random,8,0.25,152950,1,1.0049830014832712,1.0044162529738998,1.0004642617365544
random,8,0.25,152950,2,1.0021132236975725,1.0016051466098554,1.0005009382117194
random,8,0.25,152950,3,1.002066514560193,1.0012850820334753,1.0003115547194732
random,8,0.25,152950,4,1.000743246957807,1.0005412052008793,1.0000576419650045
lightweight,8,0.5,305900,0,0.9966754003335625,0.9964551461681362,1.0001142789798938
lightweight,8,0.5,305900,1,0.9988861668396084,0.9987620518904698,1.0002835443509699
lightweight,8,0.5,305900,2,1.0027934842141284,1.002659832764598,1.0002673500523414
lightweight,8,0.5,305900,3,1.0014737161372838,1.0013293826348089,1.0000826328252814
lightweight,8,0.5,305900,4,1.0033308588252297,1.0020910619905756,1.0087646001328472
random,8,0.5,305900,0,1.0057498421027524,1.0056677761522452,1.0000200387703904
random,8,0.5,305900,1,1.002820179733521,1.0027279943084872,1.0001587845285083
random,8,0.5,305900,2,1.0002956723710694,1.0002527137977126,1.000177856342989
random,8,0.5,305900,3,1.0004921433418197,1.0003700677873055,1.0000306014458937
random,8,0.5,305900,4,1.0004519185288208,1.0003716064634514,1.0001395256391707
lightweight,16,0.0025,1530,0,1.0154228792292859,0.9652781262801765,1.0478185978130115
lightweight,16,0.0025,1530,1,0.9872756689601855,0.9365804014725558,1.0185320094418395
lightweight,16,0.0025,1530,2,0.9988942032559938,0.881003703995446,1.0493256806968339
lightweight,16,0.0025,1530,3,1.0234558556222086,0.9765768217283952,1.0194860101098864
lightweight,16,0.0025,1530,4,0.9865134127441663,0.9201409511353149,1.0323599557550762
random,16,0.0025,1530,0,1.0151662487494872,0.9280598690002522,1.0511695382197697
random,16,0.0025,1530,1,1.0235023478804206,0.9568565024761044,1.0371374445006805
random,16,0.0025,1530,2,0.9458627581709209,0.8516581055039004,1.083863035607167
random,16,0.0025,1530,3,0.9910262494734176,0.9251606134109204,1.0388926442420736
random,16,0.0025,1530,4,1.0103874431140274,0.934794657803629,1.0713437142211495
lightweight,16,0.005,3059,0,1.0172134727518902,0.9738618977056338,1.042132136158025
lightweight,16,0.005,3059,1,0.9997903876012716,0.97534353418856,1.0089205809097386
lightweight,16,0.005,3059,2,0.9794194546500423,0.9478040478274077,1.0103329632444162
lightweight,16,0.005,3059,3,1.0029898517936038,0.9865052106725488,1.0098449689081899
lightweight,16,0.005,3059,4,0.9817223928876077,0.9693468073262128,1.0063053779235915
random,16,0.005,3059,0,0.9927253710731535,0.932875686604445,1.0272237599015108
random,16,0.005,3059,1,1.013976691363474,0.9867845657597785,1.0080074520261275
random,16,0.005,3059,2,0.9980489971722556,0.9393740030184388,1.0802536827201634
random,16,0.005,3059,3,1.02279435976994,0.9901093662055254,1.015274520341277
random,16,0.005,3059,4,1.0052092517584006,0.9743063569118077,1.0111076461475061
lightweight,16,0.01,6118,0,0.9921823296476571,0.9822107891301377,1.0006818142699332
lightweight,16,0.01,6118,1,1.0145489910446739,1.002701165921803,1.00412561934185
lightweight,16,0.01,6118,2,0.9964390015579732,0.9730610882353576,1.0264037280057365
lightweight,16,0.01,6118,3,0.9747104647374588,0.9636536694962001,1.0163687656970384
lightweight,16,0.01,6118,4,0.9901384185113091,0.9708328658080759,1.019703385719947
random,16,0.01,6118,0,1.0051285321456143,0.9884470256888707,1.0076324165138157
random,16,0.01,6118,1,1.0296359727611064,1.010931648576326,1.0026596981441485
random,16,0.01,6118,2,1.010461695798012,0.9901143635918437,1.0113484758188374
random,16,0.01,6118,3,1.0218355231579215,1.0021271282883484,1.0051602724124646
random,16,0.01,6118,4,0.9987052909252105,0.975837753872021,1.0029801022236458
lightweight,16,0.05,30590,0,1.0010372107717393,0.9985370143711073,0.996319215802313
lightweight,16,0.05,30590,1,0.9964792624015741,0.9972620699955712,0.9969135412871538
lightweight,16,0.05,30590,2,1.000069436238167,0.9938748366669864,0.9978047614842699
lightweight,16,0.05,30590,3,1.0017207417967124,0.9936337350161891,1.014014423920088
lightweight,16,0.05,30590,4,1.0011401503932915,1.0008976998940555,0.9961689866036074
random,16,0.05,30590,0,1.003274957936651,0.9976623687445293,1.0101546271690318
random,16,0.05,30590,1,1.0048390778304819,1.0020556247336996,0.9995474135540209
random,16,0.05,30590,2,1.0073748874380282,1.000801464420788,0.9974273931265606
random,16,0.05,30590,3,1.0028857995318403,0.9952107607314366,1.0132855285591742
random,16,0.05,30590,4,0.9948464201981995,0.9869435257139201,1.0100244836215653
lightweight,16,0.1,61180,0,1.0022101878980807,0.9994900003188391,1.0131581376203922
lightweight,16,0.1,61180,1,1.002345237419972,1.0013043109024844,1.0087717415890305
lightweight,16,0.1,61180,2,0.9965859319735877,0.9951078598731394,0.9958558054267127
lightweight,16,0.1,61180,3,0.996306113610882,0.9951401304231134,1.000019828150437
lightweight,16,0.1,61180,4,1.0002540652451903,1.0023241690782134,0.996154446170532
random,16,0.1,61180,0,1.0080345095197873,1.0060863490742338,0.9986178448045464
random,16,0.1,61180,1,0.998587477155575,0.9983037469573013,0.9962266138304651
random,16,0.1,61180,2,1.0080290475197982,1.009363707284261,1.0129129972430282
random,16,0.1,61180,3,0.9998221349706083,0.9986569347873437,1.0002886893885794
random,16,0.1,61180,4,0.9934775776864683,0.9918873563948741,0.9985937284951719
lightweight,16,0.25,152950,0,1.0017779183158866,1.0009883274323397,0.9983367122559038
lightweight,16,0.25,152950,1,1.0013420572265588,1.0012498110072854,0.998079176836086
lightweight,16,0.25,152950,2,0.9956526110064935,0.9926405826405187,1.0107461749801452
lightweight,16,0.25,152950,3,1.0007706116204247,1.0008975122214239,1.0152416046760007
lightweight,16,0.25,152950,4,1.002975563789645,1.0023415234261568,1.0003393818445196
random,16,0.25,152950,0,1.0048540379734168,1.0036455211380169,1.0101157160008862
random,16,0.25,152950,1,1.0034580647473126,1.0038248188167829,1.0099134014869127
random,16,0.25,152950,2,1.0050892742226245,1.0046695774377004,0.9988874614269618
random,16,0.25,152950,3,0.9947806216229963,0.9944543524030048,1.0114453890172779
random,16,0.25,152950,4,1.000174312348433,0.9997022105353629,0.9957565853977779
lightweight,16,0.5,305900,0,1.001200574945775,1.000289599346379,0.9955671013133883
lightweight,16,0.5,305900,1,0.997398205780169,0.9974437573169528,0.9983661102243186
lightweight,16,0.5,305900,2,0.9973749277913763,0.99679850086417,1.0134481605413153
lightweight,16,0.5,305900,3,1.001224209997621,1.0013127044567958,0.9990604752811681
lightweight,16,0.5,305900,4,1.0033170121882808,1.001175318102067,1.0124496852351057
random,16,0.5,305900,0,1.0044524913775854,1.00452004131498,0.9955092920455985
random,16,0.5,305900,1,1.0020569323918918,1.0016066643516486,0.995707348232368
random,16,0.5,305900,2,0.998607618603171,0.998445031372837,0.9980352096020241
random,16,0.5,305900,3,0.9989749295672168,0.9989160506035702,0.9997848066475977
random,16,0.5,305900,4,0.9998360638127227,0.9994373898011564,0.9979339095908765
lightweight,32,0.0025,1530,0,0.987916449307135,0.86246787953756,1.052938909399145
lightweight,32,0.0025,1530,1,1.0239322862986366,0.8698043974498838,1.098499647674726
lightweight,32,0.0025,1530,2,0.9766857950405913,0.8437113062516023,1.085969285715608
lightweight,32,0.0025,1530,3,0.9700039086289184,0.849157720517474,1.0766878622506708
lightweight,32,0.0025,1530,4,0.9918383617401565,0.8904584705934613,1.0512638752870713
random,32,0.0025,1530,0,1.0042801287893781,0.844837800655292,1.0986425141124512
random,32,0.0025,1530,1,1.0538900684859545,0.8471316376824707,1.1084361523502253
random,32,0.0025,1530,2,0.9973086600023712,0.7833859820407344,1.1425134596765192
random,32,0.0025,1530,3,1.0396112439136236,0.8228575779174105,1.1100317938043582
random,32,0.0025,1530,4,1.0264312304490666,0.8282967151032179,1.1066640966772463
lightweight,32,0.005,3059,0,0.9979396728319938,0.9242359319226956,1.0508560843084434
lightweight,32,0.005,3059,1,1.0185792485815255,0.9223759491321483,1.0777592621583438
lightweight,32,0.005,3059,2,0.9668895966125373,0.899284543383546,1.0529817819083132
lightweight,32,0.005,3059,3,0.977122867572653,0.9302440228715044,1.0411767851020068
lightweight,32,0.005,3059,4,1.009144162675716,0.9239658871254008,1.057530232263964
random,32,0.005,3059,0,1.0055648143278928,0.8983690832520053,1.063488323301302
random,32,0.005,3059,1,1.0189533860060465,0.9173229109783526,1.0812456802419417
random,32,0.005,3059,2,1.009555936737378,0.9096973177146211,1.0484228060587846
random,32,0.005,3059,3,1.0545307162021735,0.9158504153751796,1.0756491509851824
random,32,0.005,3059,4,0.9921777600393906,0.8955065623883921,1.054611621497221
lightweight,32,0.01,6118,0,0.9856621539609514,0.9269794009970574,1.0434900858771954
lightweight,32,0.01,6118,1,1.0240092406051453,0.9742481126936464,1.0386877810359056
lightweight,32,0.01,6118,2,0.9909999227919944,0.9494490889883741,1.035935391905371
lightweight,32,0.01,6118,3,0.9500314511157124,0.9204381100934222,1.0246170706721678
lightweight,32,0.01,6118,4,1.0170558293681515,0.9576042859494945,1.0495422313334681
random,32,0.01,6118,0,1.007648768910078,0.9630177434900221,1.0377330062495793
random,32,0.01,6118,1,1.020027616564483,0.961271238180823,1.0477222711965346
random,32,0.01,6118,2,1.001411930376875,0.9349591604976247,1.0334999426842795
random,32,0.01,6118,3,1.0233172385617164,0.9856986077067754,1.0359966006660144
random,32,0.01,6118,4,0.9825324505150107,0.9529366584388086,1.0159967084105452
lightweight,32,0.05,30590,0,1.006329515522382,1.0004844900565175,1.0001024443359074
lightweight,32,0.05,30590,1,0.9973235972900855,0.9859053178448637,0.9964189273233033
lightweight,32,0.05,30590,2,0.996870645347674,0.9901389157913129,1.0146990869958197
lightweight,32,0.05,30590,3,0.9910968726514472,0.984923394810574,1.0021300991976037
lightweight,32,0.05,30590,4,1.0204393635880027,1.0104864137312153,1.0095579516457895
random,32,0.05,30590,0,1.0047881067808018,0.985365381839711,1.017028555581672
random,32,0.05,30590,1,1.0024428968533166,0.9930494282334529,1.0119891373420993
random,32,0.05,30590,2,1.012611861678138,1.0025186308142275,1.0132557236795585
random,32,0.05,30590,3,0.9941066559029749,0.9828780013270302,1.006865282995611
random,32,0.05,30590,4,0.9939439668835808,0.9894442795968431,1.0063162981787788
lightweight,32,0.1,61180,0,1.0000712239326053,0.998906479368416,0.9971677550137048
lightweight,32,0.1,61180,1,1.0009280746653604,0.9958423831316507,0.997228955960889
lightweight,32,0.1,61180,2,0.9986615380589843,0.9940626426477995,1.0089741359027917
lightweight,32,0.1,61180,3,0.9958844901749028,0.9953952575779134,0.9997321617514131
lightweight,32,0.1,61180,4,1.0101189397555823,1.0047958985131424,1.0078241760759674
random,32,0.1,61180,0,1.0087067300419648,1.0075489086031935,0.9994449203785868
random,32,0.1,61180,1,1.0022780449604671,0.9973201366369481,1.0028801006588972
random,32,0.1,61180,2,1.0074375179714337,1.003756210915461,1.0013828101792683
random,32,0.1,61180,3,0.9977393913785926,0.9880961163730295,1.007790442554342
random,32,0.1,61180,4,0.9911286012921973,0.9924625648443127,1.006349749229828
lightweight,32,0.25,152950,0,1.0013399838398196,1.0029117642719318,1.0019720436078452
lightweight,32,0.25,152950,1,0.9991524035403739,0.9967477752609627,1.0102373079412663
lightweight,32,0.25,152950,2,0.9946477446150103,0.9940504690087395,1.005924132253269
lightweight,32,0.25,152950,3,1.00347537479464,1.0026890807452724,0.9967816778653871
lightweight,32,0.25,152950,4,1.0088831715024889,1.006678616429043,1.0086741439444278
random,32,0.25,152950,0,1.0019790796476948,1.0010734039609452,1.005031132879015
random,32,0.25,152950,1,1.0031505004563126,0.9991683629847335,1.0054198837369581
random,32,0.25,152950,2,1.0069814961861019,1.0057116575412774,1.0000956015371802
random,32,0.25,152950,3,0.9955429478233006,0.995806530343677,1.0001506428243012
random,32,0.25,152950,4,0.9959034825075086,0.9942861163312385,1.012848772125267
lightweight,32,0.5,305900,0,1.000476780233162,1.0013400404818105,0.9938028883073317
lightweight,32,0.5,305900,1,0.9973766207311311,0.9950382856862037,1.0115160662628184
lightweight,32,0.5,305900,2,0.9964653211893796,0.9963642867434722,0.9953995550696126
lightweight,32,0.5,305900,3,1.001569391055869,1.001907929387937,0.9977286294760397
lightweight,32,0.5,305900,4,1.0052172412854317,1.0023143217615884,1.0079597632360195
random,32,0.5,305900,0,1.0034813778859335,1.0038680747135669,1.0040196183139378
random,32,0.5,305900,1,1.0031246282152473,1.0030735950142142,0.9973240709816664
random,32,0.5,305900,2,0.9984135671880114,0.9991789415392076,1.000897250683845
random,32,0.5,305900,3,0.9981013391183459,0.9974203652722872,0.9928314944052498
random,32,0.5,305900,4,0.998705655711101,0.9983696398772066,1.0000833360209838
lightweight,64,0.0025,1530,0,0.9386933750639646,0.7486407210980562,1.096813737275968
lightweight,64,0.0025,1530,1,1.017509479975614,0.7740894716621769,1.1233410693728736
lightweight,64,0.0025,1530,2,0.9579581362487576,0.7424347630867125,1.101869567814081
lightweight,64,0.0025,1530,3,0.9846358404236356,0.7375841111940609,1.1341409307657402
lightweight,64,0.0025,1530,4,0.9935881931390741,0.7339023330746338,1.1179356219742205
random,64,0.0025,1530,0,1.0456993930627227,0.6988854970458399,1.1600770348714773
random,64,0.0025,1530,1,1.0641732044184553,0.7220300884465601,1.1639634629956632
random,64,0.0025,1530,2,1.04581493003411,0.6932079370950384,1.168097110833617
random,64,0.0025,1530,3,0.9941250283966026,0.6285179039201659,1.1926857414336567
random,64,0.0025,1530,4,1.02961182902715,0.6739595850537932,1.1918079677045512
lightweight,64,0.005,3059,0,0.9467676122330373,0.8539041797399434,1.0329388726052868
lightweight,64,0.005,3059,1,1.0275636341721495,0.88828525782802,1.085230024660502
lightweight,64,0.005,3059,2,0.9477224745934698,0.8159953431276205,1.0691889610465044
lightweight,64,0.005,3059,3,0.9958028729286522,0.8311780793442384,1.1038324646193582
lightweight,64,0.005,3059,4,1.0126541455589086,0.8618226266532636,1.0713964424410445
random,64,0.005,3059,0,1.0105238218983186,0.824297413676225,1.1115031461725127
random,64,0.005,3059,1,1.022921754052859,0.8348515591387531,1.0795597489625253
random,64,0.005,3059,2,0.996246061953872,0.8264363277130856,1.120437762723846
random,64,0.005,3059,3,1.028525314696426,0.8252338945650768,1.0855813447874347
random,64,0.005,3059,4,1.0129133621555027,0.7829854068281312,1.1280837517399036
lightweight,64,0.01,6118,0,0.9438750426901705,0.8757485312471572,1.0366843988762604
lightweight,64,0.01,6118,1,1.025413335016328,0.9454718772990973,1.0300064504501265
lightweight,64,0.01,6118,2,0.9828107735419811,0.9181133208556461,1.0304107944918608
lightweight,64,0.01,6118,3,0.9658094581140475,0.8768003728971687,1.032742497501489
lightweight,64,0.01,6118,4,1.0230833431619093,0.9287150974644495,1.0391387902200657
random,64,0.01,6118,0,0.9945107045348388,0.9020729194668664,1.0353195821987047
random,64,0.01,6118,1,1.043861261058048,0.9183825364649711,1.0527046450680906
random,64,0.01,6118,2,0.977588826648732,0.8826301321330577,1.0685141474319828
random,64,0.01,6118,3,1.0283475132752171,0.9150389314262161,1.0350507200919186
random,64,0.01,6118,4,0.9985079741013668,0.8878174871969305,1.0385060895397675
lightweight,64,0.05,30590,0,0.9849508561155956,0.9715671762517701,1.0054793911897641
lightweight,64,0.05,30590,1,0.9969170995377586,0.9735797217753768,1.0065122823257904
lightweight,64,0.05,30590,2,0.9959588669188529,0.9801897133014332,0.9950627015949417
lightweight,64,0.05,30590,3,1.005941675699183,0.9818332074719466,0.9959798914353845
lightweight,64,0.05,30590,4,1.0255957463815546,1.0052242634023592,1.0051732678703724
random,64,0.05,30590,0,0.9886342441641293,0.9667613730292735,0.9937964804973316
random,64,0.05,30590,1,1.0202052591969686,0.9823033360967185,1.004932250808544
random,64,0.05,30590,2,1.0107234808237742,0.9847791026449242,1.0027033525671358
random,64,0.05,30590,3,0.9882635773548119,0.9628940876014035,1.0227769667819797
random,64,0.05,30590,4,0.9944697967512375,0.9730711093585575,1.0006641542142973
lightweight,64,0.1,61180,0,0.9899682455952721,0.9810160480863347,1.0022635875308334
lightweight,64,0.1,61180,1,0.9977230098484242,0.9823322670837439,1.0038333050422714
lightweight,64,0.1,61180,2,0.99054612676913,0.9839217323846589,0.9987358407866448
lightweight,64,0.1,61180,3,1.0101004805797549,0.9933577862263118,0.9994336122578351
lightweight,64,0.1,61180,4,1.0151541140432248,1.0004306873225182,1.0073176717016923
random,64,0.1,61180,0,0.9946916485994355,0.9795637404611341,0.9959645309346367
random,64,0.1,61180,1,1.008881801571613,0.9948782671266507,0.9953543434296723
random,64,0.1,61180,2,1.004320955925306,0.9970118941696494,1.004431499390441
random,64,0.1,61180,3,0.9948750545692416,0.9744590478425404,1.002595517750958
random,64,0.1,61180,4,0.9964150716109151,0.9900443666139009,0.9952590111369314
lightweight,64,0.25,152950,0,0.9946434562492408,0.992331066147074,0.98945100558858
lightweight,64,0.25,152950,1,0.9975094633562844,0.9928873313358628,0.9901183301113228
lightweight,64,0.25,152950,2,0.9925968110754161,0.9882504735358585,0.9818826167055682
lightweight,64,0.25,152950,3,1.0067277632561595,0.9964997299070872,0.9954803216367492
lightweight,64,0.25,152950,4,1.006299248200692,1.0055095241530998,0.9981771365536753
random,64,0.25,152950,0,0.9942241345424384,0.9910199345258294,0.984564127618908
random,64,0.25,152950,1,1.0048083241348376,0.9997134578466454,0.9967723536239902
random,64,0.25,152950,2,1.0044769088101406,1.0025070132585596,0.9937576485403402
random,64,0.25,152950,3,0.9959651386837352,0.991430403772492,0.9958298224341269
random,64,0.25,152950,4,0.9958899587072115,0.9960307912839779,0.9866618087634202
lightweight,64,0.5,305900,0,0.9988033048504579,0.998752848835598,0.9975816302039302
lightweight,64,0.5,305900,1,0.9958951345393275,0.9926986685336182,0.9947611988341288
lightweight,64,0.5,305900,2,0.9964556737660971,0.9942922799639115,0.9943960814536956
lightweight,64,0.5,305900,3,1.0016544631406596,0.9979156716346302,0.9956906997935447
lightweight,64,0.5,305900,4,1.00341799917213,1.0037679077022725,0.9941253454319121
random,64,0.5,305900,0,1.0009154170076766,0.9995560217710094,0.9900268328458787
random,64,0.5,305900,1,1.0031788600595661,1.0007239187591295,0.9843879335373978
random,64,0.5,305900,2,0.998701476150721,0.9971584478961523,0.9865409283571773
random,64,0.5,305900,3,0.996914929980697,0.9968627342840248,0.9797967938739377
random,64,0.5,305900,4,0.9977758962857689,0.9951827258737935,0.993282396015503
